date,close,volume,open,high,low
2018/10/16,270.49,4787699,264.5,273.88,262.24
2018/10/15,259.59,6189026,259.06,263.28,254.5367
2018/10/12,258.78,7189257,261,261.99,252.01
2018/10/11,252.23,8128184,257.53,262.25,249.03
2018/10/10,256.88,12781560,264.61,265.51,247.77
2018/10/09,262.8,12037780,255.25,266.77,253.3
2018/10/08,250.56,13371180,264.52,267.7599,249
2018/10/05,261.95,17900710,274.65,274.88,260
2018/10/04,281.83,9638885,293.95,294,277.67
2018/10/03,294.8,7982272,303.33,304.6,291.57
2018/10/02,301.02,11699690,313.95,316.84,299.15
2018/10/01,310.7,21714210,305.77,311.44,301.05
2018/09/28,264.77,33597290,270.26,278,260.555
2018/09/27,307.52,7337760,312.9,314.96,306.91
2018/09/26,309.58,7835863,301.91,313.89,301.1093
2018/09/25,300.99,4472287,300,304.6,296.5
2018/09/24,299.68,4834384,298.48,302.9993,293.58
2018/09/21,299.1,5038497,297.7,300.58,295.37
2018/09/20,298.33,7332477,303.56,305.98,293.33
2018/09/19,299.02,8264353,280.51,300,280.5
2018/09/18,284.96,16494280,296.69,302.64,275.5
2018/09/17,294.84,6866208,290.04,300.87,288.13
2018/09/14,295.2,6757652,288.76,297.3256,286.52
2018/09/13,289.46,6333281,288.02,295,285.18
2018/09/12,290.54,10002150,281.44,292.5,278.6463
2018/09/11,279.44,9161061,279.47,282,273.55
2018/09/10,285.5,14232250,273.26,286.03,271
2018/09/07,263.24,22442310,260.1,268.35,252.2548
2018/09/06,280.95,7472756,284.8,291.17,278.88
2018/09/05,280.74,7707342,285.05,286.78,277.18
2018/09/04,288.95,8304571,296.94,298.19,288
2018/08/31,301.66,5367048,302,305.3082,298.6
2018/08/30,303.15,7210625,302.26,304.6,297.72
2018/08/29,305.01,7410538,310.27,311.85,303.69
2018/08/28,311.86,7639453,318.41,318.88,311.19
2018/08/27,319.27,13062650,318,322.435,308.81
2018/08/24,322.82,3592734,320.7,323.85,319.4
2018/08/23,320.1,5138685,319.14,327.32,318.1
2018/08/22,321.64,5935853,320.87,323.88,314.67
2018/08/21,321.9,13147770,310.61,324.79,309
2018/08/20,308.44,17380430,291.704,308.5,288.2
2018/08/17,305.5,18895880,323.5,326.77,303.53
2018/08/16,335.45,6045392,339.91,342.28,333.82
2018/08/15,338.69,9073033,341.906,344.49,332.14
2018/08/14,347.64,6948511,358.45,359.1995,347.1
2018/08/13,356.41,10444920,361.13,363.19,349.02
2018/08/10,355.49,11530510,354,360,346
2018/08/09,352.45,16951800,365.55,367.01,345.73
2018/08/08,370.34,24535420,369.09,382.64,367.12
2018/08/07,379.57,30596400,343.84,387.46,339.1501
2018/08/06,341.99,8536766,345.46,354.98,341.82
2018/08/03,348.17,13646640,347.81,355,342.53
2018/08/02,349.54,23159160,328.44,349.99,323.16
2018/08/01,300.84,8768099,297.99,303,293
2018/07/31,298.14,5055094,292.25,298.32,289.07
2018/07/30,290.17,6799581,295.9,296.1,286.13
2018/07/27,297.18,5694690,307.25,307.6933,295.3404
2018/07/26,306.65,4619567,304.85,310.7,303.6411
2018/07/25,308.74,7031382,296.74,309.62,294.5025
2018/07/24,297.43,9586186,304.4209,307.7171,292.5452
2018/07/23,303.2,10974820,301.84,305.5,292.8601
2018/07/20,313.58,5159831,321.23,323.24,311.7093
2018/07/19,320.23,5907116,316.33,323.54,314.01
2018/07/18,323.85,5610085,325,325.5,316.25
2018/07/17,322.69,6987782,308.81,324.74,308.5
2018/07/16,310.1,7800454,311.71,315.16,306.25
2018/07/13,318.87,5866776,315.58,319.5849,309.25
2018/07/12,316.71,5711851,321.43,323.23,312.77
2018/07/11,318.96,4878595,315.8,321.94,315.07
2018/07/10,322.47,9437557,324.56,327.6771,319.2
2018/07/09,318.51,7579541,311.99,318.52,308
2018/07/06,308.9,8860198,304.955,312.07,302
2018/07/05,309.16,17457570,313.76,314.39,296.22
2018/07/03,310.86,12282640,331.75,332.49,309.69
2018/07/02,335.07,18732710,360.07,364.78,329.85
2018/06/29,342.95,6475903,353.33,353.86,342.41
2018/06/28,349.93,8388172,348.66,357.02,346.11
2018/06/27,344.5,8313817,345,350.79,339.5
2018/06/26,342,7434749,336.054,343.55,325.799
2018/06/25,333.01,6925089,330.12,338.47,327.5
2018/06/22,333.63,10253770,351.54,352.25,332
2018/06/21,347.51,7949846,362,366.2139,346.27
2018/06/20,362.22,8370268,358.04,364.38,352
2018/06/19,352.55,12734840,365.16,370,346.25
2018/06/18,370.83,12025450,355.4,373.73,354.5
2018/06/15,358.17,10827560,353.84,364.67,351.25
2018/06/14,357.72,10961150,347.63,358.75,346.6
2018/06/13,344.78,9401467,346.706,347.2,339.8
2018/06/12,342.77,22256430,344.7,354.97,338
2018/06/11,332.1,13166050,322.51,334.66,322.5
2018/06/08,317.66,8192175,319,324.48,317.15
2018/06/07,316.09,14336110,316.15,330,313.58
2018/06/06,319.5,18742400,300.5,322.17,297.48
2018/06/05,291.13,5877873,297.7,297.8,286.74
2018/06/04,296.74,4793787,294.34,299,293.548
2018/06/01,291.82,5417984,285.86,291.95,283.839
2018/05/31,284.73,5912825,287.21,290.37,282.93
2018/05/30,291.72,7473590,283.29,295.005,281.6
2018/05/29,283.76,5657153,278.51,286.5,276.15
2018/05/25,278.85,3872621,277.625,279.64,275.61
2018/05/24,277.85,4170789,278.4,281.11,274.89
2018/05/23,279.07,5972237,277.76,279.9099,274
2018/05/22,275.01,8938501,287.762,288,273.422
2018/05/21,284.49,9167844,281.33,291.49,281.3
2018/05/18,276.82,7243699,284.65,284.65,274
2018/05/17,284.54,4418258,285.9,289.1873,283.97
2018/05/16,286.48,5669644,283.83,288.81,281.56
2018/05/15,284.18,9509753,285.01,286.96,280.5
2018/05/14,291.97,7265501,303.32,304.94,291.62
2018/05/11,301.06,4665321,307.7,308.88,299.08
2018/05/10,305.02,5642771,307.4997,312.99,304.1119
2018/05/09,306.85,5712255,300.41,307.01,300.05
2018/05/08,301.97,5927447,300.795,307.75,299
2018/05/07,302.77,8673090,297.5,305.9588,295.17
2018/05/04,294.09,8565506,283,296.86,279.52
2018/05/03,284.45,17339090,278.79,288.04,275.23
2018/05/02,301.15,8346176,298.57,306.85,297.7844
2018/05/01,299.92,4614946,293.51,300.82,293.22
2018/04/30,293.9,4224068,293.61,298.73,292.5
2018/04/27,294.075,4346854,285.37,294.47,283.83
2018/04/26,285.48,4348108,278.75,285.79,276.5
2018/04/25,280.69,4000421,283.5,285.16,277.25
2018/04/24,283.46,5678242,285,287.09,278.46
2018/04/23,283.37,4880743,291.29,291.62,282.33
2018/04/20,290.24,5622630,295.17,299.98,289.75
2018/04/19,300.08,6083800,291.08,301.01,288.55
2018/04/18,293.35,6531563,291.08,300.24,288.16
2018/04/17,287.69,6931152,288.87,292.17,282.51
2018/04/16,291.21,6289497,299,299.66,289.01
2018/04/13,300.34,7319225,303.6,303.9499,295.98
2018/04/12,294.08,7595525,302.32,303.95,293.68
2018/04/11,300.93,7470204,300.74,308.98,299.66
2018/04/10,304.7,11017010,298.97,307.1,293.68
2018/04/09,289.66,10241410,300.37,309.5,289.21
2018/04/06,299.3,13516530,301,309.28,295.5
2018/04/05,305.72,19025860,289.34,306.26,288.2
2018/04/04,286.94,19880180,252.78,288.37,252
2018/04/03,267.53,18829650,269.82,273.35,254.49
2018/04/02,252.48,16093290,256.26,260.3318,244.5901
2018/03/29,266.13,15014440,256.49,270.9599,248.21
2018/03/28,257.78,20962280,264.58,268.68,252.1
2018/03/27,279.18,13787060,304,304.27,277.18
2018/03/26,304.18,8364937,307.34,307.59,291.36
2018/03/23,301.54,6639960,311.25,311.61,300.45
2018/03/22,309.1,4924928,313.89,318.82,308.18
2018/03/21,316.53,5954247,310.25,322.44,310.19
2018/03/20,310.55,4761031,314.87,316.25,308.76
2018/03/19,313.56,7467890,316.5,320.75,309.67
2018/03/16,321.35,6113365,325.96,327.4,319.07
2018/03/15,325.6,6554568,329.38,332.85,321.1
2018/03/14,326.63,7952152,336.76,339.81,323.93
2018/03/13,341.84,5960636,344.92,345.12,336.2635
2018/03/12,345.51,8252919,328.61,347.21,326.5
2018/03/09,327.17,5502779,324.1,328.49,322.37
2018/03/08,329.1,3514367,332.86,333.3,326.274
2018/03/07,332.3,5001940,325.44,332.5,321.74
2018/03/06,328.2,4236483,333.75,336.37,327.03
2018/03/05,333.35,3820702,332.39,337.75,329.2929
2018/03/02,335.12,5088789,326.98,335.22,322.97
2018/03/01,330.93,6872552,345.01,348.67,330.07
2018/02/28,343.06,6066044,352.57,355.24,342.22
2018/02/27,350.99,4785022,356.25,359.99,350.01
2018/02/26,357.42,4334500,353.5,359,352.355
2018/02/23,352.05,5814177,347.83,354.99,347.1
2018/02/22,346.17,6961880,335.53,347.44,334.7501
2018/02/21,333.3,3207250,336.03,339.6929,333.17
2018/02/20,334.77,4005962,334.47,340.84,331.5
2018/02/16,335.49,5640184,332.5,343.12,331.64
2018/02/15,334.065,5909823,324.5,334.12,322.4
2018/02/14,322.31,3948077,320.84,326.17,318.52
2018/02/13,323.66,4554631,315.02,324.19,312.5105
2018/02/12,315.73,6224479,316.13,318.08,306.25
2018/02/09,310.42,12924430,319.93,320.9845,294.76
2018/02/08,315.23,10296420,343.31,348.62,314.6
2018/02/07,345,6729682,338.99,346,335.66
2018/02/06,333.97,5080032,325.21,336.22,323.5
2018/02/05,333.13,4441166,337.97,344.47,333
2018/02/02,343.75,3696157,348.44,351.95,340.51
2018/02/01,349.25,4187440,351,359.66,348.63
2018/01/31,354.31,6199373,347.51,356.19,345.19
2018/01/30,345.82,4710684,345.14,348.27,342.17
2018/01/29,349.53,4738208,339.85,350.85,338.28
2018/01/26,342.85,4535457,341.5,344,335.71
2018/01/25,337.64,6725208,348.27,349.2,336.4
2018/01/24,345.89,5277386,354.58,354.75,343.52
2018/01/23,352.79,5447622,360,360.5,351
2018/01/22,351.56,6199777,349.4,357.83,349.2
2018/01/19,350.02,4871181,345,350.5899,342.6
2018/01/18,344.57,5679629,345.67,352.3,343.74
2018/01/17,347.16,7092554,340.47,349,339.75
2018/01/16,340.06,6429234,337.54,345,334.8
2018/01/12,336.22,4822509,338.63,340.41,333.67
2018/01/11,337.95,6640863,335.24,344.8099,333.26
2018/01/10,334.8,4303053,332.2,337,330
2018/01/09,333.69,7134525,335.16,338.8,327.405
2018/01/08,336.41,9832610,316,337.0199,315.5
2018/01/05,316.58,4588728,316.62,317.24,312
2018/01/04,314.62,9944593,312.87,318.55,305.68
2018/01/03,317.25,4438520,321,325.25,315.55
2018/01/02,320.53,4345615,312,322.1099,311
2017/12/29,311.35,3769504,316.18,316.41,310
2017/12/28,315.36,4306746,311.75,315.82,309.54
2017/12/27,311.64,4705084,316,317.68,310.75
2017/12/26,317.29,4368699,323.83,323.94,316.58
2017/12/22,325.2,4207602,329.51,330.9214,324.82
2017/12/21,331.66,4369994,329.59,333.74,327.21
2017/12/20,328.98,5907378,332.69,333.1,325.04
2017/12/19,331.1,6820868,340.26,341.4925,330.3
2017/12/18,338.87,5466546,344.9,346.73,337.58
2017/12/15,343.45,6921246,342.04,343.9,335.76
2017/12/14,337.89,5792024,341.01,347.44,336.9
2017/12/13,339.03,6217701,340.93,344.22,336.5
2017/12/12,341.03,8715570,330.45,341.44,330.03
2017/12/11,328.91,7926090,314.63,329.01,313.75
2017/12/08,315.13,3466088,314.6,316.98,311.26
2017/12/07,311.24,4779590,312,318.6341,311.05
2017/12/06,313.26,7184477,300.1,313.39,300
2017/12/05,303.7,4643708,302,308,301
2017/12/04,305.2,5834227,306.5,308.265,300.61
2017/12/01,306.53,4286082,305.44,310.32,305.05
2017/11/30,308.85,4345434,308.56,310.7,304.54
2017/11/29,307.54,8757463,317.3,318,301.23
2017/11/28,317.55,4941703,316.36,320,313.92
2017/11/27,316.81,4537779,313.25,317.34,309.51
2017/11/24,315.55,3244065,313.79,316.41,311
2017/11/22,312.6,4913283,316.77,317.42,311.84
2017/11/21,317.81,7256381,310.86,318.23,308.71
2017/11/20,308.74,8241821,313.79,315.5,304.75
2017/11/17,315.05,13720830,325.67,326.67,313.15
2017/11/16,312.5,5794409,313.99,318.14,311.3
2017/11/15,311.3,5951835,306.01,312.49,301.5
2017/11/14,308.7,5661904,315,316.35,306.9
2017/11/13,315.4,7565242,300.13,316.8,299.11
2017/11/10,302.99,4621080,302.5,308.36,301.85
2017/11/09,302.99,5440173,302.5,304.46,296.3
2017/11/08,304.39,4725355,305.5,306.89,301.3001
2017/11/07,306.05,5284844,301.02,306.5,300.03
2017/11/06,302.78,6480689,307,307.5,299.01
2017/11/03,306.09,8885933,299.5,306.25,295.13
2017/11/02,299.26,19771280,300.13,308.69,292.63
2017/11/01,321.08,8242487,332.25,332.6089,320.26
2017/10/31,331.53,5650062,320.23,331.95,320.18
2017/10/30,320.08,4247619,319.18,323.78,317.25
2017/10/27,320.87,6968365,319.75,324.59,316.66
2017/10/26,326.17,5010087,327.78,330.23,323.2
2017/10/25,325.84,8583619,336.7,337.5,323.56
2017/10/24,337.34,4485692,338.8,342.8,336.16
2017/10/23,337.02,5739598,349.88,349.95,336.25
2017/10/20,345.1,4925657,352.69,354.55,344.34
2017/10/19,351.81,5055715,355.56,357.1465,348.2
2017/10/18,359.65,4936024,355.97,363,354.13
2017/10/17,355.75,3290290,350.91,356.22,350.07
2017/10/16,350.6,5373090,353.76,354.48,347.16
2017/10/13,355.57,3538807,356.98,358.49,353.68
2017/10/12,355.68,4073552,352.95,359.78,352.64
2017/10/11,354.6,4494733,353.89,357.6,351.15
2017/10/10,355.59,6972263,346.8,355.63,345.5305
2017/10/09,342.94,7461461,349.65,351.75,342.67
2017/10/06,356.88,4272866,353.1,360.0992,352.25
2017/10/05,355.33,4167913,356,357.435,351.35
2017/10/04,355.01,8147995,351.25,358.62,349.6
2017/10/03,348.14,10122550,335.9,348.55,331.28
2017/10/02,341.53,5227547,342.52,343.7,335.51
2017/09/29,341.1,5099051,341.86,344.68,338.601
2017/09/28,339.6,5309779,339.88,342.75,335.4
2017/09/27,340.97,6027375,349.9,351.489,340.5
2017/09/26,345.25,7149649,350.93,351.24,340.9
2017/09/25,344.99,7587158,353.15,357.469,342.88
2017/09/22,351.09,8142895,366.49,369.8999,350.88
2017/09/21,366.48,4610872,374.9,376.83,364.51
2017/09/20,373.91,4909958,373,378.249,371.07
2017/09/19,375.1,6435208,380,382.39,373.57
2017/09/18,385,7177773,380.25,389.61,377.68
2017/09/15,379.81,5407227,374.51,380,372.7
2017/09/14,377.64,7170263,364.33,377.96,362.63
2017/09/13,366.23,4171185,363.82,368.07,359.59
2017/09/12,362.75,5966204,364.49,368.76,360.4
2017/09/11,363.69,7651000,351.35,363.71,350
2017/09/08,343.4,3261333,348.99,349.78,342.3
2017/09/07,350.61,4235045,345.98,352.48,343.45
2017/09/06,344.53,4082001,349.5,350.979,341.56
2017/09/05,349.59,3836402,353.8,355.49,345.89
2017/09/01,355.4,3048550,356.12,357.59,353.6902
2017/08/31,355.9,4063330,353.55,358.44,352.82
2017/08/30,353.18,3404165,349.67,353.47,347
2017/08/29,347.36,4069303,339.48,349.05,338.75
2017/08/28,345.66,3746240,347.28,347.35,339.72
2017/08/25,348.05,3475186,354.24,355.69,347.3
2017/08/24,352.93,4571574,352.52,356.66,349.74
2017/08/23,352.77,4941947,338.99,353.49,338.3041
2017/08/22,341.35,4314268,341.13,342.24,337.3725
2017/08/21,337.86,6489850,345.82,345.82,331.85
2017/08/18,347.46,5390805,352.91,354,345.8
2017/08/17,351.92,5010825,361.21,363.3,351.59
2017/08/16,362.91,3406173,363,366.5,362.52
2017/08/15,362.33,3084601,365.2,365.49,359.37
2017/08/14,363.8,4507969,364.63,367.66,362.6
2017/08/11,357.87,4357562,356.97,361.26,353.62
2017/08/10,355.4,7063054,361.6,366.6504,354.66
2017/08/09,363.53,6881182,361,370,358.95
2017/08/08,365.22,7431838,357.53,368.58,357.4
2017/08/07,355.17,6309331,357.35,359.48,352.75
2017/08/04,356.91,9233295,347,357.27,343.3
2017/08/03,347.09,13524270,345.33,350,343.15
2017/08/02,325.89,11942350,318.94,327.12,311.22
2017/08/01,319.57,8284997,323,324.45,316.13
2017/07/31,323.47,8525454,335.5,341.49,321.04
2017/07/28,335.07,4869891,336.89,339.6,332.51
2017/07/27,334.46,8285879,346,347.5,326.29
2017/07/26,343.85,4809514,340.36,345.5,338.12
2017/07/25,339.6,6977932,345,345.6,334.15
2017/07/24,342.52,8598292,330.24,343.399,330.01
2017/07/21,328.4,4871708,329.46,331.2575,325.8
2017/07/20,329.92,5142516,326.9,330.22,324.2
2017/07/19,325.26,6345884,328.23,331.65,323.2193
2017/07/18,328.24,6360710,317.5,329.13,315.66
2017/07/17,319.57,9827506,325.54,327.1,313.45
2017/07/14,327.78,5607924,323.19,328.42,321.22
2017/07/13,323.41,8582315,330.11,331.6,319.97
2017/07/12,329.52,10317240,330.4,333.1,324.5
2017/07/11,327.22,11526760,316,327.28,314.3
2017/07/10,316.05,13760290,312.9,317.94,303.13
2017/07/07,313.22,14129950,313.5,317,307.38
2017/07/06,308.83,19258040,317.26,320.7899,306.3
2017/07/05,327.09,16998300,347.2,347.24,326.33
2017/07/03,352.62,6305401,370.24,371.35,351.5
2017/06/30,361.61,5823046,363.71,366.7674,359.6187
2017/06/29,360.75,8202463,370.61,371,354.1
2017/06/28,371.24,6290323,366.68,371.74,362.52
2017/06/27,362.37,6977494,376.4,376.4,362.02
2017/06/26,377.49,6596854,386.69,386.95,373.1
2017/06/23,383.45,6425180,382.45,386.99,379.345
2017/06/22,382.61,7510406,377.99,385,373.57
2017/06/21,376.4,4916770,374.35,376.99,368.02
2017/06/20,372.24,7419110,376.67,378.88,369.73
2017/06/19,369.8,6433434,375,376.7,367.8
2017/06/16,371.4,6347450,377.975,378.01,370.1
2017/06/15,375.34,10412650,372.5,375.46,366.49
2017/06/14,380.66,12778480,381.085,384.25,376.31
2017/06/13,375.95,11773370,367.62,376,366.61
2017/06/12,359.01,10507860,357.99,364.5,350.62
2017/06/09,357.32,17250060,374.42,376.87,354.8
2017/06/08,370,9028677,363.75,371.9,360.22
2017/06/07,359.65,9348692,356.34,360.5,355.14
2017/06/06,352.85,11031920,344.7,359.4929,339.97
2017/06/05,347.32,6769174,338.5,348.44,334.21
2017/06/02,339.85,5583952,339.77,342.88,335.93
2017/06/01,340.37,7601764,344,344.88,337.29
2017/05/31,341.01,9937556,337.69,342.89,335.16
2017/05/30,335.1,7771536,326,336.28,325.76
2017/05/26,325.14,7793009,317.28,325.49,316.31
2017/05/25,316.83,5000432,311.02,316.97,307.81
2017/05/24,310.22,5035192,306.51,311,305.4
2017/05/23,303.86,4314267,310.46,310.73,303.48
2017/05/22,310.35,4324305,312.8,314.37,306.8
2017/05/19,310.83,4654580,315.5,316.5,310.2
2017/05/18,313.06,5609153,307,313.94,305.31
2017/05/17,306.11,6695657,314.39,314.63,305.5
2017/05/16,317.01,4141066,317.59,320.06,315.14
2017/05/15,315.88,7606854,318.38,320.2,312.53
2017/05/12,324.81,4118613,325.48,327,321.53
2017/05/11,323.1,4747172,323.4,326,319.6
2017/05/10,325.22,5734524,321.56,325.5,318.12
2017/05/09,321.26,9663374,309.38,321.99,309.1
2017/05/08,307.19,7002907,310.9,313.79,305.82
2017/05/05,308.35,8117449,298,308.55,296.8
2017/05/04,295.46,14135990,307.435,307.77,290.7601
2017/05/03,311.02,6879259,317.67,321.53,310.45
2017/05/02,318.89,5316551,324,327.6599,316.5601
2017/05/01,322.83,8819888,314.88,327.25,314.81
2017/04/28,314.07,4496659,309.83,314.8,308
2017/04/27,308.63,3462663,311.69,313.09,307.5
2017/04/26,310.17,4683131,312.37,314.5,309
2017/04/25,313.79,6734162,308,313.98,305.86
2017/04/24,308.03,5077771,309.22,310.55,306.0215
2017/04/21,305.6,4501958,302,306.4,300.42
2017/04/20,302.51,6145961,306.51,309.15,300.23
2017/04/19,305.52,3891145,302.46,306.62,302.11
2017/04/18,300.25,3034225,299.7,300.8399,297.9
2017/04/17,301.44,4128067,302.7,304,298.68
2017/04/13,304,9275682,296.7,307.39,295.3
2017/04/12,296.84,6043648,306.34,308.4481,296.32
2017/04/11,308.71,5718053,313.38,313.47,305.5
2017/04/10,312.39,7653623,309.15,313.7299,308.71
2017/04/07,302.54,4566632,297.5,302.69,297.15
2017/04/06,298.7,5517731,296.88,301.94,294.1
2017/04/05,295,7858565,302.04,304.88,294.2
2017/04/04,303.7,10108230,296.89,304.81,294.53
2017/04/03,298.52,13864850,286.9,299,284.58
2017/03/31,278.3,3293698,278.73,279.68,276.3197
2017/03/30,277.92,4141437,278.04,282,277.21
2017/03/29,277.38,3672526,278.34,279.6,275.54
2017/03/28,277.45,7978665,277.02,280.68,275
2017/03/27,270.22,6221361,260.6,270.57,259.75
2017/03/24,263.16,5637668,255.7,263.89,255.01
2017/03/23,254.78,3309844,255.39,257.672,253.3
2017/03/22,255.01,4056735,251.56,255.07,250.51
2017/03/21,250.68,6901555,262.83,264.8,250.24
2017/03/20,261.92,3601616,260.6,264.55,258.821
2017/03/17,261.5,6491018,264,265.33,261.2
2017/03/16,262.05,7127180,262.4,265.75,259.06
2017/03/15,255.73,5233365,257,261,254.27
2017/03/14,258,7581719,246.11,258.12,246.02
2017/03/13,246.17,3011280,244.82,246.85,242.781
2017/03/10,243.69,3062785,246.21,246.5,243
2017/03/09,244.9,3876494,247.63,248.66,243
2017/03/08,246.87,3726746,247,250.07,245.32
2017/03/07,248.59,3452587,251.92,253.89,248.32
2017/03/06,251.21,3353601,247.91,251.7,247.51
2017/03/03,251.57,2925481,250.74,251.9,249
2017/03/02,250.48,3345751,249.71,253.28,248.27
2017/03/01,250.02,4804963,254.18,254.85,249.11
2017/02/28,249.99,6073890,244.19,251,243.9
2017/02/27,246.23,11450160,248.17,248.36,242.01
2017/02/24,257,8166869,252.66,258.25,250.2
2017/02/23,255.99,14877090,264,264.66,255.56
2017/02/22,273.51,8537811,280.31,283.45,272.6
2017/02/21,277.39,5647575,275.45,281.4,274.01
2017/02/17,272.23,6251469,265.8,272.89,264.15
2017/02/16,268.95,7063860,277.6,280,268.5
2017/02/15,279.76,4943879,280,282.24,276.44
2017/02/14,280.98,7341450,279.03,287.39,278.61
2017/02/13,280.6,7023072,270.74,280.7899,270.51
2017/02/10,269.23,3618336,269.79,270.95,266.11
2017/02/09,269.2,7812600,266.25,271.18,266.15
2017/02/08,262.08,3912428,257.35,263.36,256.2
2017/02/07,257.48,4244063,258.19,260,256.42
2017/02/06,257.77,3557600,251,257.82,250.63
2017/02/03,251.33,2185230,251.91,252.179,249.68
2017/02/02,251.55,2498799,248.34,252.42,247.71
2017/02/01,249.24,3953105,253.05,253.2,249.05
2017/01/31,251.93,4112013,249.24,255.89,247.7
2017/01/30,250.63,3798638,252.53,255.2899,247.1
2017/01/27,252.95,3161774,251.38,253,248.52
2017/01/26,252.51,3143717,254.29,255.74,250.75
2017/01/25,254.47,5145301,257.31,258.46,251.8
2017/01/24,254.61,4958144,250,254.8,249.65
2017/01/23,248.92,6262097,245.85,250.8899,245.5
2017/01/20,244.73,4199720,245.46,246,243.01
2017/01/19,243.76,7717244,247.25,248.68,240.75
2017/01/18,238.36,3767272,236.65,239.71,235.58
2017/01/17,235.58,4614731,236.7,239.96,234.37
2017/01/13,237.75,6085610,230,237.85,229.59
2017/01/12,229.59,3787547,229.06,230.7,225.58
2017/01/11,229.73,3649910,229.07,229.98,226.68
2017/01/10,229.87,3658981,232,232,226.89
2017/01/09,231.28,3972716,228.97,231.92,228
2017/01/06,229.01,5524153,226.93,230.31,225.45
2017/01/05,226.75,5908927,226.42,227.48,221.95
2017/01/04,226.99,11204560,214.75,228,214.31
2017/01/03,216.99,5901494,214.86,220.33,210.96
2016/12/30,213.69,4641288,216.3,217.5,211.68
2016/12/29,214.68,4043086,218.56,219.2,214.1225
2016/12/28,219.74,3778544,221.53,223.8,217.2
2016/12/27,219.53,5913335,214.88,222.25,214.42
2016/12/23,213.34,4668263,208,213.45,207.71
2016/12/22,208.45,3108427,208.22,209.99,206.5
2016/12/21,207.7,5206143,208.45,212.23,207.41
2016/12/20,208.79,4684269,203.05,209,202.5
2016/12/19,202.73,3486937,202.49,204.45,199.84
2016/12/16,202.49,3795444,198.08,202.59,197.6
2016/12/15,197.58,3218653,198.41,200.74,197.39
2016/12/14,198.69,4147314,198.74,203,196.76
2016/12/13,198.15,6819322,193.18,201.28,193
2016/12/12,192.43,2436428,192.8,194.42,191.04
2016/12/09,192.18,2720937,190.87,193.836,190.81
2016/12/08,192.29,3193684,192.05,192.5,189.54
2016/12/07,193.15,5457071,186.15,193.4,185
2016/12/06,185.85,3389365,185.52,186.58,182.6825
2016/12/05,186.8,4069480,182.51,188.89,182.51
2016/12/02,181.47,4040201,182.88,184.88,180
2016/12/01,181.88,5119105,188.25,188.53,181
2016/11/30,189.4,3544891,191,191.89,187.5
2016/11/29,189.57,4435312,195.56,196.73,189.5
2016/11/28,196.12,4521082,195.48,199.35,194.55
2016/11/25,196.65,2366098,193.64,197.2372,193.64
2016/11/23,193.14,4890285,190.61,195.644,189
2016/11/22,191.17,5601238,185.84,191.47,183.71
2016/11/21,184.52,4355872,185.04,188.89,184.41
2016/11/18,185.02,5206473,190.65,193,185
2016/11/17,188.66,4880969,183.49,189.49,182.1101
2016/11/16,183.93,3432668,182.65,184.73,181.21
2016/11/15,183.77,3899743,182.78,186.43,182.05
2016/11/14,181.45,6547913,188,188.25,178.19
2016/11/11,188.56,3987091,184.24,188.88,183
2016/11/10,185.35,6746290,191.05,191.61,180.42
2016/11/09,190.06,8166447,186.875,192,183.95
2016/11/08,194.94,3252927,193.79,197.49,191.26
2016/11/07,193.21,3857682,193.59,194.29,190.05
2016/11/04,190.56,5143915,189,193.46,185.96
2016/11/03,187.42,2644550,189,191.47,187.0401
2016/11/02,188.02,4242250,190.05,192.6951,187.505
2016/11/01,190.79,7023674,198.04,198.5,188.105
2016/10/31,197.73,4691320,202.49,202.49,195.81
2016/10/28,199.97,4273456,204,205.32,199.83
2016/10/27,204.01,13070990,211.34,213.7,201.65
2016/10/26,202.24,5346893,201,203.19,200.1
2016/10/25,202.34,2442118,202.9,204.69,201.2
2016/10/24,202.76,2747344,201,203.9452,200.25
2016/10/21,200.09,2936908,198.6,201.57,197.41
2016/10/20,199.1,5069410,202.12,203,197.05
2016/10/19,203.56,6966185,199.74,206.66,198.06
2016/10/18,199.1,5676046,195.99,199.47,193.26
2016/10/17,193.96,4518331,197.05,198.39,192
2016/10/14,196.51,4265471,200.66,201.43,196.3
2016/10/13,200.24,2495140,200.5,200.895,197.05
2016/10/12,201.51,1969099,200.95,203.88,200.42
2016/10/11,200.1,2326754,201.85,202.2,198.31
2016/10/10,200.95,3311340,201.35,204.14,199.66
2016/10/07,196.61,3489480,201,201.32,195.8
2016/10/06,201,4697937,202.46,204.2099,200.21
2016/10/05,208.46,1872456,212.24,213.15,208.12
2016/10/04,211.41,3537953,213.1,213.32,208.82
2016/10/03,213.7,5989342,212.3,215.6688,208.25
2016/09/30,204.03,2581730,202.21,204.98,199.55
2016/09/29,200.7,2714040,205.6,207.33,200.58
2016/09/28,206.27,2079324,207.51,208.25,205.26
2016/09/27,205.81,3367907,209.65,209.9818,204.6093
2016/09/26,208.99,2393373,206.5,211,206.5
2016/09/23,207.45,2904125,205.99,210.18,205.67
2016/09/22,206.43,2381600,206.4,207.28,203
2016/09/21,205.22,2631285,206.37,207,201.56
2016/09/20,204.64,2408556,206.85,207.75,203.91
2016/09/19,206.34,2298318,207,209.43,205
2016/09/16,205.4,3104266,200.42,205.7,199
2016/09/15,200.42,3082942,196.49,202.5193,196.4
2016/09/14,196.41,2256143,195.75,197.9248,194.8562
2016/09/13,196.05,3583140,197.06,198.49,193.45
2016/09/12,198.3,3714049,195,201.369,194.1
2016/09/09,194.47,3753734,199.09,199.92,193.7
2016/09/08,197.36,3372293,199.55,199.89,196.36
2016/09/07,201.71,3637918,205.5,206.4968,200.71
2016/09/06,202.83,4386193,199.02,203.25,199
2016/09/02,197.78,5970154,202.33,203.2,196.2
2016/09/01,200.77,7932444,209.01,211.0999,200.5
2016/08/31,212.01,3274854,210.43,212.6,208.65
2016/08/30,211.34,3164222,216.11,216.11,210.52
2016/08/29,215.2,3261381,220.15,220.4,215
2016/08/26,219.99,2238087,222.14,222.855,218.82
2016/08/25,220.96,1760212,223.11,223.8,220.77
2016/08/24,222.62,2566947,227.05,227.15,222.22
2016/08/23,224.84,4747745,224.32,228.49,222.8
2016/08/22,222.93,2061692,224.17,225.11,222.68
2016/08/19,225,1658616,223.54,225.169,222.53
2016/08/18,223.51,1699300,223.82,225.66,222.29
2016/08/17,223.24,1786408,224.33,224.83,222.8
2016/08/16,223.61,2251115,225.49,227.19,223.4101
2016/08/15,225.59,2017964,226.02,229.5,224.93
2016/08/12,225.61,1811850,225.41,226.65,224.04
2016/08/11,224.91,1876959,226.17,227.57,223.41
2016/08/10,225.65,2336496,228.24,229.87,224.62
2016/08/09,229.08,2199766,226.82,231.5375,226.65
2016/08/08,226.16,2259465,228,229.6,226.09
2016/08/05,230.03,3190342,230,232,227.4
2016/08/04,230.61,4142155,225.69,230.86,222.05
2016/08/03,225.79,3808747,227.37,229.699,224.21
2016/08/02,227.2,3928706,229.37,229.87,221.4
2016/08/01,230.01,4014048,235.5,236.63,229.38
2016/07/29,234.79,3061574,230.7,235.28,230.24
2016/07/28,230.61,2415462,227.95,230.76,226.6
2016/07/27,228.49,2887028,229.34,233.36,226.92
2016/07/26,229.51,3427251,227.69,230,225.3
2016/07/25,230.01,4479483,222.27,231.39,221.3715
2016/07/22,222.27,2570462,221.99,224.5,218.88
2016/07/21,220.5,4425756,226,227.847,219.1
2016/07/20,228.36,2556119,226.47,229.8,225
2016/07/19,225.26,3047535,225,229.1,224.75
2016/07/18,226.25,3394588,219.64,227.09,218.3
2016/07/15,220.4,2230821,222.52,222.7499,219.64
2016/07/14,221.53,2657899,223.12,224.94,221.05
2016/07/13,222.53,3540699,225.5,225.59,220.29
2016/07/12,224.65,4573875,224.1,227.5,223.22
2016/07/11,224.78,5369066,219.96,226.78,219.51
2016/07/08,216.78,4067131,217.8,219.81,214.5
2016/07/07,215.94,3603385,213.1,218.12,213.01
2016/07/06,214.44,4910285,210,215.23,209
2016/07/05,213.98,5169832,209.73,214.5441,208
2016/07/01,216.5,5396030,206.14,218.24,206
2016/06/30,212.28,4794440,212.97,213.4999,209.02
2016/06/29,210.19,5987120,205.13,211.78,203
2016/06/28,201.79,6158996,201.89,204.05,199.41
2016/06/27,198.55,7211823,190.86,198.81,187.87
2016/06/24,193.15,6988949,190.05,195.12,189.73
2016/06/23,196.4,10098190,195.69,197.55,192.13
2016/06/22,196.66,23706100,199.47,205.95,195.75
2016/06/21,219.61,2855619,220.68,222.569,218.81
2016/06/20,219.7,3549768,219.5,223.75,218.23
2016/06/17,215.47,3107734,217.81,219.99,214.5
2016/06/16,217.93,2438692,217.42,218.04,213.5
2016/06/15,217.7,2905002,216.95,221.9,215.13
2016/06/14,214.96,3575822,218.88,222.2,212.53
2016/06/13,217.87,4187833,219.5,225.77,217.66
2016/06/10,218.79,5994548,227.39,227.97,218.4217
2016/06/09,229.36,4454222,234.98,235.33,227.06
2016/06/08,235.52,5965110,233.8,240.845,232.605
2016/06/07,232.34,6194154,222.24,234.44,221.52
2016/06/06,220.68,2242634,218,220.9,215.45
2016/06/03,218.99,2226110,220,221.94,218.01
2016/06/02,218.96,2017279,219.59,219.909,217.11
2016/06/01,219.56,2982270,221.48,222.4,216.89
2016/05/31,223.23,2786682,223.04,224.7497,221.5001
2016/05/27,223.04,3645792,224.99,225.93,220.75
2016/05/26,225.12,4066512,220.5,225.26,219.05
2016/05/25,219.58,3131279,217.91,221.36,216.51
2016/05/24,217.91,3009327,216.6,218.74,215.18
2016/05/23,216.22,5096751,219.87,222.6,215.86
2016/05/20,220.28,8996546,216.99,220.55,216.35
2016/05/19,215.21,6817922,213.62,216.79,207.3
2016/05/18,211.17,5552692,209.15,215.31,207.75
2016/05/17,204.66,2842028,209.05,209.8199,204.02
2016/05/16,208.29,2945754,208.15,213.15,207.92
2016/05/13,207.61,2820616,207.78,211.2,206.7
2016/05/12,207.28,3650075,211.44,211.67,203.6572
2016/05/11,208.96,5159640,207.59,215.48,206.05
2016/05/10,208.69,4068053,207.55,209.47,205
2016/05/09,208.92,4772992,215.72,216.15,206.8
2016/05/06,214.93,5683675,210.87,216.37,208.11
2016/05/05,211.53,11248340,228.46,228.64,209.79
2016/05/04,222.56,8550004,230.29,234.46,220.4
2016/05/03,232.32,4296325,237.36,238.91,231.62
2016/05/02,241.8,3838958,241.5,243.19,234.82
2016/04/29,240.76,5405164,248.14,248.43,237.81
2016/04/28,247.71,2515595,249.85,253.43,247.44
2016/04/27,251.47,3198105,252.75,255,249.4
2016/04/26,253.74,3217779,252.05,255.73,249.39
2016/04/25,251.82,3665088,253.01,257.38,250.76
2016/04/22,253.75,3783126,248.89,254,245.71
2016/04/21,248.29,2777079,248.99,250.9,246.91
2016/04/20,249.97,5192343,246.26,253.66,241.5
2016/04/19,247.37,6351360,253.12,254.3699,241.251
2016/04/18,253.88,4263246,252.23,258.31,251.66
2016/04/15,254.51,3748593,251.31,254.6,249.12
2016/04/14,251.86,4129258,253,256.839,251.0501
2016/04/13,254.53,4921554,248.51,255.5,247.33
2016/04/12,247.82,5755351,249.5,251.8,243.63
2016/04/11,249.92,9156404,251,258.99,245.3
2016/04/08,250.07,7352707,260.5,260.82,248.0201
2016/04/07,257.2,8845567,266.45,269.34,254.51
2016/04/06,265.42,11695760,253.97,267.74,253.45
2016/04/05,255.47,9931470,240.5,256.56,240
2016/04/04,246.99,13381160,249.12,252.12,243.64
2016/04/01,237.59,15979910,244.825,247.9,233.25
2016/03/31,229.77,7975638,229.34,237.42,225.01
2016/03/30,226.89,4025670,235.09,235.5,226.5
2016/03/29,230.13,4006037,229.89,232.38,225.33
2016/03/28,230.26,3878599,231.61,234.81,225
2016/03/24,227.75,4956604,215.78,228.8877,215
2016/03/23,222.58,4936203,232.37,234.73,222.03
2016/03/22,234.24,4303052,237.21,238.99,232.558
2016/03/21,238.32,5289014,235.34,239.88,235
2016/03/18,232.74,4704761,229.1,234.48,228.06
2016/03/17,226.38,3769083,221.47,228.5,220
2016/03/16,221.93,3511873,218,222.58,217.02
2016/03/15,218.34,3133230,214.27,218.97,211.5
2016/03/14,215.15,4062304,212.65,216.72,210.64
2016/03/11,207.5,3339148,207.93,209.42,205.33
2016/03/10,205.18,5191602,210,213.29,200.671
2016/03/09,208.72,3207597,204.52,209.3726,202.79
2016/03/08,202.6,4175498,203.5,207.5,202.2
2016/03/07,205.29,5331097,197.68,209.7,197.4
2016/03/04,201.04,6479858,198,204.03,197.5001
2016/03/03,195.74,4822993,188.28,197.42,184.22
2016/03/02,188.34,4858631,183.73,188.52,181.5
2016/03/01,186.35,6695704,194.25,195.9484,182.7
2016/02/29,191.93,4495402,192.4,196.35,189.222
2016/02/26,190.34,6054061,188.7,192,185
2016/02/25,187.43,5727008,178.65,188.5192,175.2
2016/02/24,179,5385369,172.75,179.5,167.84
2016/02/23,177.21,5982993,176.16,181.73,173.68
2016/02/22,177.74,5055340,170.12,178.91,169.85
2016/02/19,166.58,2955832,163.66,167.49,162.5
2016/02/18,166.77,3883107,172.42,172.95,164.77
2016/02/17,168.68,5820264,159,169.34,156.68
2016/02/16,155.17,5561638,158.7,162.95,154.11
2016/02/12,151.04,7233264,155,157.01,143.7
2016/02/11,150.47,14236900,152,163.26,147
2016/02/10,143.67,10104690,150.5,154.97,141.74
2016/02/09,148.25,8639661,142.32,159.79,141.05
2016/02/08,147.99,9306754,157.105,157.15,146
2016/02/05,162.6,9434495,171.3,173,157.7442
2016/02/04,175.33,4379442,170.7,175.98,166.99
2016/02/03,173.48,7927640,183.59,183.94,170.18
2016/02/02,182.78,5764817,192.42,193.12,180.23
2016/02/01,196.94,5295685,188.76,199.52,182.75
2016/01/29,191.2,2848929,189.95,193.74,188.08
2016/01/28,189.7,4586328,190.79,191.28,182.41
2016/01/27,188.07,3577353,192.38,193.26,185.77
2016/01/26,193.56,4956918,196.7,197.82,188.88
2016/01/25,196.38,2695408,200.06,203.57,195.88
2016/01/22,202.55,3122066,204.801,205.5,199.03
2016/01/21,199.97,3164424,201.55,203.23,195.02
2016/01/20,198.7,5826110,199.4,201.28,191.25
2016/01/19,204.72,4031271,208.71,210.47,200.78
2016/01/15,204.99,5325773,198.97,205.07,197.25
2016/01/14,206.18,6490579,202.21,210,193.38
2016/01/13,200.31,4120993,212.01,212.65,200
2016/01/12,209.97,3079051,211.6,213.7395,205.31
2016/01/11,207.85,4090843,214.01,214.45,203
2016/01/08,211,3572360,217.86,220.44,210.77
2016/01/07,215.65,3550704,214.19,218.44,213.67
2016/01/06,219.04,3774353,220,220.05,215.98
2016/01/05,223.43,3185525,226.36,226.89,220
2016/01/04,223.41,6823510,230.72,231.38,219
2015/12/31,240.01,2713817,238.51,243.45,238.37
2015/12/30,238.09,3694448,236.6,243.634,235.6707
2015/12/29,237.19,2402438,230.06,237.72,229.547
2015/12/28,228.95,1900171,231.49,231.98,225.54
2015/12/24,230.57,710277,230.56,231.88,228.28
2015/12/23,229.7,1551031,232.18,233.45,228.13
2015/12/22,229.95,1958836,234.99,236.55,229.63
2015/12/21,232.56,1951581,231.69,235.83,231.08
2015/12/18,230.46,3008057,232.89,235.9,229.29
2015/12/17,233.39,3294460,233.94,237.76,229.8149
2015/12/16,234.51,5100443,222.1,234.88,220.73
2015/12/15,221.09,2241686,221.82,222.22,218
2015/12/14,218.58,2827797,217.51,220.92,214.87
2015/12/11,217.02,3259114,225.24,225.75,216.64
2015/12/10,227.07,2070088,224.71,228.49,223.64
2015/12/09,224.52,3057036,226.7,227.5,220.72
2015/12/08,226.72,2682259,227.52,228.8,224.2
2015/12/07,231.13,3140864,227.7,235.63,226.15
2015/12/04,230.38,2572014,232.46,233.27,227.66
2015/12/03,232.71,2937233,235.48,237.45,230
2015/12/02,231.99,2980644,237,238.6,231.23
2015/12/01,237.19,3728562,231.06,238,231.05
2015/11/30,230.26,2591205,231.79,234.28,229.08
2015/11/27,231.61,1949353,231.06,232.25,227.01
2015/11/25,229.64,3986945,221.34,230.825,220.375
2015/11/24,218.25,2478389,215.37,221,215
2015/11/23,217.75,2525196,217.35,219.18,214.6798
2015/11/20,220.01,4394199,223.49,225,213.58
2015/11/19,221.8,2499593,220.54,226.19,220.3
2015/11/18,221.07,2810200,214.5,221.38,212.52
2015/11/17,214,2148326,215.2,216,211.4
2015/11/16,214.31,2920362,206.09,214.98,205.8
2015/11/13,207.19,3423139,212.95,212.99,206.52
2015/11/12,212.94,2913511,217.85,219,212.66
2015/11/11,219.08,3337501,217.77,219.48,213.63
2015/11/10,216.5,4612408,223.48,223.7,216.08
2015/11/09,225.33,3846179,232.99,232.99,224.31
2015/11/06,232.36,2444264,230.7,233.359,229.5
2015/11/05,231.77,4494944,230.58,234.5843,229.19
2015/11/04,231.63,12713530,227,232.74,225.2
2015/11/03,208.35,8065091,213.85,214.44,207.75
2015/11/02,213.79,3924514,208.92,215.8,207.22
2015/10/30,206.93,4432433,210.4,211.63,203.89
2015/10/29,211.63,1794743,211.75,213.7481,210.64
2015/10/28,212.96,2726880,211.31,213.45,208.3
2015/10/27,210.35,3512832,214.84,217.1,207.51
2015/10/26,215.26,3388227,211.38,215.88,210
2015/10/23,209.09,4226411,215,215.35,207.69
2015/10/22,211.72,2818801,211.56,215.75,209.4
2015/10/21,210.09,4177956,211.99,214.81,208.8
2015/10/20,213.03,14877020,227.72,228.6,202
2015/10/19,228.1,2506836,226.5,231.15,224.94
2015/10/16,227.01,4327574,223.04,230.4805,222.87
2015/10/15,221.31,2835920,216.43,221.73,213.7
