Name,City,Gender,Handed,Maths,Physics,Chemistry,English,Biology,Economics,History,Civics,DOB
Ravi,Mumbai,Male,Right,55,45,56,87,21,52,89,65,1986-05-04
Jhon,Hyderabad,Male,Left,75,55,40,64,90,61,58,72,1990-05-14
Chandu,Chennai,Male,Right,25,54,89,76,95,87,56,74,1989-05-15
Sam,Hyderabad,Female,Left,78,55,86,63,63,89,75,45,1990-12-08
Likhith,Chennai,Male,Right,58,96,78,46,43,77,83,53,1989-12-09
Chetana,Bangalore,Female,Right,60,85,76,65,60,72,12,3,1989-02-09
Pavani,Delhi,Female,Left,79,60,78,33,24,10,45,10,2019-10-10
Murthy,Bangalore,Male,Left,63,72,64,20,70,70,62,87,1990-12-12
Shekar,Mumbai,Male,Right,44,58,55,10,66,65,86,87,1987-05-14
